{
  "shap": {
    "name": "SHAP",
    "count": 3404056,
    "mean": -0.0012575722245090444,
    "std": 0.007946178490884238,
    "min": -0.6627374554614107,
    "max": 0.39002563734538853,
    "median": -8.626337394638658e-05,
    "q25": -0.0018483108204386438,
    "q75": 0.0005656666175093291,
    "q90": 0.002424463014995728,
    "q95": 0.004785023938478853,
    "q99": 0.01466739509865662,
    "positive_count": 1574778,
    "negative_count": 1829278,
    "positive_mean": 0.0021414121559084178,
    "negative_mean": -0.00418366974747988,
    "abs_mean": 0.0032388843721688613,
    "abs_std": 0.0073642968797141975,
    "abs_min": 2.1531905027407164e-09,
    "abs_max": 0.6627374554614107,
    "abs_median": 0.0010900775681833227,
    "abs_q25": 0.00031472648437362686,
    "abs_q75": 0.0032173784490988414,
    "abs_q90": 0.0077910912450676224,
    "abs_q95": 0.012934506385080546,
    "abs_q99": 0.03235838493993751
  },
  "lime": {
    "name": "LIME",
    "count": 3404231,
    "mean": 0.00020857473648406503,
    "std": 0.009635239780799486,
    "min": -0.3381123608564504,
    "max": 0.2789633938527152,
    "median": 0.0,
    "q25": -0.0017142752398288392,
    "q75": 0.002364789337418582,
    "q90": 0.007893563899060776,
    "q95": 0.013067222719136724,
    "q99": 0.0282861167921681,
    "positive_count": 1516463,
    "negative_count": 1313992,
    "positive_mean": 0.005696886540693521,
    "negative_mean": -0.00603434501154028,
    "abs_mean": 0.004866943143565623,
    "abs_std": 0.008318305926779792,
    "abs_min": 0.0,
    "abs_max": 0.3381123608564504,
    "abs_median": 0.002049603930984908,
    "abs_q25": 0.0003513905828086101,
    "abs_q75": 0.006019183419547887,
    "abs_q90": 0.012730085965204226,
    "abs_q95": 0.018783808734568565,
    "abs_q99": 0.03733101180142315
  },
  "attention": {
    "name": "Attention (mean)",
    "count": 3055154,
    "mean": 0.0016151326177351478,
    "std": 0.004644865811296706,
    "min": 1.0728836059570312e-06,
    "max": 0.1533203125,
    "median": 0.0005564689636230469,
    "q25": 0.0002359151840209961,
    "q75": 0.0013818740844726562,
    "q90": 0.0033206939697265625,
    "q95": 0.00565338134765625,
    "q99": 0.016204833984375
  }
}