{
  "shap": {
    "name": "SHAP",
    "count": 3408494,
    "mean": -0.0012512481613571379,
    "std": 0.007886853485546904,
    "min": -0.6626598872244358,
    "max": 0.3896341323852539,
    "median": -7.907926493607451e-05,
    "q25": -0.0018277575395199196,
    "q75": 0.0005651713471999515,
    "q90": 0.0024112533948451205,
    "q95": 0.004733593317657047,
    "q99": 0.014410697191189497,
    "positive_count": 1583064,
    "negative_count": 1825130,
    "positive_mean": 0.002107586183656218,
    "negative_mean": -0.004164807802589614,
    "abs_mean": 0.0032089713166530242,
    "abs_std": 0.007312358234706574,
    "abs_min": 0.0,
    "abs_max": 0.6626598872244358,
    "abs_median": 0.0010825961209624388,
    "abs_q25": 0.00031272873823660836,
    "abs_q75": 0.00319332871353086,
    "abs_q90": 0.00770839810371399,
    "abs_q95": 0.012774298781440332,
    "abs_q99": 0.031971834088747264
  },
  "lime": {
    "name": "LIME",
    "count": 3408675,
    "mean": 0.0002081886736994999,
    "std": 0.009515125399582313,
    "min": -0.3555745033995407,
    "max": 0.2560724679034687,
    "median": 0.0,
    "q25": -0.0016743140936884815,
    "q75": 0.0023358122061450303,
    "q90": 0.007788202821455076,
    "q95": 0.012942120344314313,
    "q99": 0.027887079314021554,
    "positive_count": 1518791,
    "negative_count": 1313708,
    "positive_mean": 0.005626719702911198,
    "negative_mean": -0.005964920451867205,
    "abs_mean": 0.004805965649786436,
    "abs_std": 0.008214843155332068,
    "abs_min": 0.0,
    "abs_max": 0.3555745033995407,
    "abs_median": 0.002015929629031453,
    "abs_q25": 0.0003391939802137008,
    "abs_q75": 0.0059483396017702105,
    "abs_q90": 0.012584082615173263,
    "abs_q95": 0.018545286433246225,
    "abs_q99": 0.03707794829301715
  },
  "attention": {
    "name": "Attention (mean)",
    "count": 3055169,
    "mean": 0.0016112262022004924,
    "std": 0.004631328773444512,
    "min": 1.0728836059570312e-06,
    "max": 0.1531982421875,
    "median": 0.0005550384521484375,
    "q25": 0.00023555755615234375,
    "q75": 0.0013780593872070312,
    "q90": 0.0033206939697265625,
    "q95": 0.005645751953125,
    "q99": 0.016082763671875
  }
}